{
  "mean": [
    4.199261992619927,
    0.10173431734317344,
    0.09577490774907749,
    0.09945879458794588,
    0.4478573185731857,
    0.5004071340713407,
    872.8560885608856,
    1551.7441574415743,
    53.812932275522755,
    863250.7072570726,
    33.36242312423124,
    153.76162361623616,
    3723.5250553505534,
    282.96334563345636,
    48.85141451414514,
    -0.5494168511685116,
    -23.32868388683887,
    10.675399753997539,
    27.06959409594096,
    0.015498031980319803,
    1.072570725707257,
    262.76702456911113,
    4.199261992619927,
    31.796242940192982,
    4.794587945879459,
    114.19926199261992,
    50.083640836408364,
    9.99138991389914,
    6.1238622386223875,
    17.603936039360395,
    0.43444034440344403,
    17.603936039360395,
    0.6851168511685117,
    49.981549815498155,
    4.137761377613776,
    0.1943419434194342,
    0.33210332103321033,
    315.0319803198032,
    11.496306739269155,
    0.9136015872684832,
    6.158149832587597,
    88.18327183271833,
    22.128541393586733,
    0.25584255842558423,
    0.07872078720787208,
    1.7097170971709716,
    53.97487692496926,
    4.379450409485185,
    0.22540358700681115,
    0.19174525078584118,
    0.3114455108325739,
    4.591100637435567,
    13.091020910209101,
    2.7785977859778597,
    1.1738875748195186,
    0.28113810664900385,
    0.012300123001230012,
    0.0008757216296676803
  ],
  "std": [
    6.462848655158029,
    0.15078332006401712,
    0.13124425745356016,
    0.04692083135745944,
    0.113490225581444,
    0.23634193607697518,
    236.256110543627,
    420.01086318867016,
    41.745747061244536,
    443730.58025441016,
    11.645463677491348,
    68.98794877251139,
    6391.34515023459,
    160.53238306314077,
    36.56497310469066,
    22.058823571785123,
    7.327200171381083,
    7.0920713482528095,
    61.112789718003505,
    0.06279075656908462,
    3.3147176977790407,
    650.9494812982653,
    6.462848655158029,
    37.005312951836835,
    1.8654613663713848,
    28.94252946367107,
    23.631454647078545,
    4.705985266671791,
    1.0437520267979972,
    6.293211497547068,
    0.07932425519423428,
    6.293211497547068,
    1.9392336631690223,
    73.55213966137615,
    5.866553175168661,
    0.6554661570780737,
    0.7844836781165578,
    429.12231885199674,
    5.604670069236639,
    0.12178782354543963,
    1.7245057884695856,
    118.25277662263584,
    46.62190633688921,
    0.4363337526754443,
    0.2826727766693903,
    3.576521297855324,
    41.7959931144364,
    10.849158021637752,
    1.282954720749305,
    0.3252827819852645,
    0.14025981168025203,
    0.837924483737574,
    7.680686506179303,
    1.9458055944542898,
    3.3463326214408444,
    0.7526820747268732,
    0.11022173095803124,
    0.008691583432581933
  ],
  "feature_names": [
    "ffmpeg_scene_changes",
    "ffmpeg_cuts_per_second",
    "ffmpeg_avg_motion",
    "ffmpeg_color_variance",
    "ffmpeg_brightness_avg",
    "ffmpeg_contrast_score",
    "ffmpeg_resolution_width",
    "ffmpeg_resolution_height",
    "ffmpeg_duration_seconds",
    "ffmpeg_bitrate",
    "ffmpeg_fps",
    "audio_pitch_mean_hz",
    "audio_pitch_variance",
    "audio_pitch_range",
    "audio_pitch_std_dev",
    "audio_pitch_contour_slope",
    "audio_loudness_mean_lufs",
    "audio_loudness_range",
    "audio_loudness_variance",
    "audio_silence_ratio",
    "audio_silence_count",
    "speaking_rate_wpm",
    "visual_scene_count",
    "visual_avg_scene_duration",
    "visual_score",
    "thumb_brightness",
    "thumb_contrast",
    "thumb_colorfulness",
    "thumb_overall_score",
    "hook_score",
    "hook_confidence",
    "hook_text_score",
    "hook_type_encoded",
    "text_word_count",
    "text_sentence_count",
    "text_question_mark_count",
    "text_exclamation_count",
    "text_transcript_length",
    "text_avg_sentence_length",
    "text_unique_word_ratio",
    "text_avg_word_length",
    "text_syllable_count",
    "text_flesch_reading_ease",
    "text_has_cta",
    "text_negative_word_count",
    "text_emoji_count",
    "meta_duration_seconds",
    "meta_words_per_second",
    "text_overlay_density",
    "visual_proof_ratio",
    "vocal_confidence_composite",
    "creator_followers_log",
    "post_hour_utc",
    "post_day_of_week",
    "specificity_score",
    "instructional_density",
    "has_step_structure",
    "hedge_word_density"
  ]
}