{
  "mean": [
    4.469565217391304,
    0.10679420289855072,
    0.10022753623188406,
    0.09915507246376812,
    0.44746811594202907,
    0.5081289855072464,
    876.104347826087,
    1557.51884057971,
    55.36689245942029,
    854767.6188405798,
    33.36228985507246,
    152.87420289855072,
    3865.0836666666664,
    291.43999999999994,
    49.7995652173913,
    -0.42903768115942037,
    -23.29604347826087,
    10.755507246376812,
    27.634884057971014,
    0.015178550724637679,
    1.1101449275362318,
    259.14597633023385,
    4.469565217391304,
    32.0236609189402,
    4.8673913043478265,
    114.10434782608695,
    50.8536231884058,
    9.96376811594203,
    6.156666666666667,
    17.43768115942029,
    0.4330434782608696,
    17.43768115942029,
    0.663768115942029,
    49.49710144927536,
    4.08840579710145,
    0.15942028985507245,
    0.32753623188405795,
    311.9115942028985,
    11.441937428181761,
    0.9160241277193187,
    6.156451297511821,
    87.32608695652173,
    22.133211028491242,
    0.24492753623188407,
    0.07971014492753623,
    1.6521739130434783,
    55.365531589855074,
    4.319099605503898
  ],
  "std": [
    6.737076825952793,
    0.15541813995561515,
    0.132818822203824,
    0.04694369750179119,
    0.11140582426004046,
    0.2387969895189607,
    233.94177551032328,
    415.8964897961303,
    44.228902615623326,
    431916.8861695009,
    11.536087284215021,
    68.08170092746084,
    6586.405024602057,
    161.472126710302,
    37.216589137874266,
    22.08524258650455,
    7.3567766747120915,
    7.250129841162543,
    62.80645397511777,
    0.06311237530580022,
    3.440093735137495,
    658.0397843756356,
    6.737076825952793,
    38.963670954256365,
    1.8956916463115512,
    28.41148183282576,
    23.87874611151124,
    4.709856178440282,
    1.0306704820222985,
    5.914342710347628,
    0.07658100471757909,
    5.914342710347628,
    1.9087875364411993,
    73.84062836538911,
    5.905488388837203,
    0.5601032101007218,
    0.7930648780907925,
    431.8321191631498,
    5.611539747803959,
    0.11929035739353618,
    1.7286297788906657,
    118.98328728356782,
    47.73103011301103,
    0.4300442282222413,
    0.2813423877989997,
    3.5206475316648813,
    44.23034554690363,
    10.967329739593925
  ],
  "feature_names": [
    "ffmpeg_scene_changes",
    "ffmpeg_cuts_per_second",
    "ffmpeg_avg_motion",
    "ffmpeg_color_variance",
    "ffmpeg_brightness_avg",
    "ffmpeg_contrast_score",
    "ffmpeg_resolution_width",
    "ffmpeg_resolution_height",
    "ffmpeg_duration_seconds",
    "ffmpeg_bitrate",
    "ffmpeg_fps",
    "audio_pitch_mean_hz",
    "audio_pitch_variance",
    "audio_pitch_range",
    "audio_pitch_std_dev",
    "audio_pitch_contour_slope",
    "audio_loudness_mean_lufs",
    "audio_loudness_range",
    "audio_loudness_variance",
    "audio_silence_ratio",
    "audio_silence_count",
    "speaking_rate_wpm",
    "visual_scene_count",
    "visual_avg_scene_duration",
    "visual_score",
    "thumb_brightness",
    "thumb_contrast",
    "thumb_colorfulness",
    "thumb_overall_score",
    "hook_score",
    "hook_confidence",
    "hook_text_score",
    "hook_type_encoded",
    "text_word_count",
    "text_sentence_count",
    "text_question_mark_count",
    "text_exclamation_count",
    "text_transcript_length",
    "text_avg_sentence_length",
    "text_unique_word_ratio",
    "text_avg_word_length",
    "text_syllable_count",
    "text_flesch_reading_ease",
    "text_has_cta",
    "text_negative_word_count",
    "text_emoji_count",
    "meta_duration_seconds",
    "meta_words_per_second"
  ]
}