{
  "mean": [
    4.199261992619927,
    0.10173431734317344,
    0.0957749077490775,
    0.09945879458794589,
    0.4478573185731857,
    0.5004071340713407,
    872.8560885608856,
    1551.7441574415743,
    53.81293227552276,
    863250.7072570726,
    33.36242312423124,
    0.998769987699877,
    153.76162361623616,
    3723.5250553505534,
    282.96334563345636,
    48.85141451414514,
    -0.5494168511685116,
    -23.328683886838867,
    10.67539975399754,
    27.06959409594096,
    0.015498031980319803,
    1.072570725707257,
    0.0,
    0.0,
    4.993849938499385,
    0.0,
    262.7670245691111,
    0.0,
    0.0,
    0.0,
    0.0,
    0.0,
    4.199261992619927,
    31.796242940192982,
    4.794587945879459,
    114.19926199261992,
    50.083640836408364,
    9.99138991389914,
    6.1238622386223875,
    0.7867158671586715,
    17.603936039360395,
    0.4344403444034441,
    17.603936039360395,
    0.0,
    0.0,
    0.0,
    0.0,
    0.6851168511685117,
    49.981549815498155,
    4.137761377613776,
    0.1943419434194342,
    0.33210332103321033,
    315.0319803198032,
    11.496306739269155,
    0.9136015872684832,
    6.158149832587597,
    88.18327183271833,
    22.128541393586733,
    0.25584255842558423,
    0.16113161131611317,
    0.07872078720787208,
    1.7097170971709716,
    53.97487692496926,
    4.379450409485185,
    0.24681968019680198,
    -0.042152521525215245,
    1.062990159901599,
    32.43338253382534,
    1.0255234932349322,
    0.8536285362853628,
    0.9606396063960639,
    2.156211562115621
  ],
  "std": [
    6.462848655158029,
    0.15078332006401712,
    0.1312442574535602,
    0.04692083135745944,
    0.113490225581444,
    0.23634193607697518,
    236.256110543627,
    420.01086318867016,
    41.74574706124454,
    443730.58025441016,
    11.645463677491348,
    0.03504995534753999,
    68.98794877251139,
    6391.34515023459,
    160.53238306314077,
    36.56497310469066,
    22.058823571785123,
    7.327200171381083,
    7.0920713482528095,
    61.112789718003505,
    0.06279075656908462,
    3.3147176977790407,
    1.0,
    1.0,
    0.17524977673769998,
    1.0,
    650.9494812982651,
    1.0,
    1.0,
    1.0,
    1.0,
    1.0,
    6.462848655158029,
    37.005312951836835,
    1.8654613663713846,
    28.942529463671068,
    23.63145464707855,
    4.705985266671791,
    1.0437520267979972,
    0.08222409128319795,
    6.293211497547068,
    0.07932425519423429,
    6.293211497547068,
    1.0,
    1.0,
    1.0,
    1.0,
    1.9392336631690223,
    73.55213966137615,
    5.866553175168661,
    0.6554661570780737,
    0.7844836781165578,
    429.12231885199674,
    5.604670069236639,
    0.12178782354543963,
    1.7245057884695856,
    118.25277662263582,
    46.62190633688921,
    0.4363337526754443,
    0.4207001703766807,
    0.28267277666939034,
    3.576521297855324,
    41.79599311443639,
    10.849158021637752,
    0.1703543512081317,
    0.8954863810555711,
    0.888877593132783,
    36.255553307473264,
    0.6009311910980639,
    0.3534782289260144,
    0.194450901307449,
    1.978718611919181
  ],
  "feature_names": [
    "ffmpeg_scene_changes",
    "ffmpeg_cuts_per_second",
    "ffmpeg_avg_motion",
    "ffmpeg_color_variance",
    "ffmpeg_brightness_avg",
    "ffmpeg_contrast_score",
    "ffmpeg_resolution_width",
    "ffmpeg_resolution_height",
    "ffmpeg_duration_seconds",
    "ffmpeg_bitrate",
    "ffmpeg_fps",
    "ffmpeg_has_audio",
    "audio_pitch_mean_hz",
    "audio_pitch_variance",
    "audio_pitch_range",
    "audio_pitch_std_dev",
    "audio_pitch_contour_slope",
    "audio_loudness_mean_lufs",
    "audio_loudness_range",
    "audio_loudness_variance",
    "audio_silence_ratio",
    "audio_silence_count",
    "audio_music_ratio",
    "audio_speech_ratio",
    "audio_type_encoded",
    "audio_energy_variance",
    "speaking_rate_wpm",
    "speaking_rate_wpm_variance",
    "speaking_rate_wpm_acceleration",
    "speaking_rate_wpm_peak_count",
    "speaking_rate_fast_segments",
    "speaking_rate_slow_segments",
    "visual_scene_count",
    "visual_avg_scene_duration",
    "visual_score",
    "thumb_brightness",
    "thumb_contrast",
    "thumb_colorfulness",
    "thumb_overall_score",
    "thumb_confidence",
    "hook_score",
    "hook_confidence",
    "hook_text_score",
    "hook_audio_score",
    "hook_visual_score",
    "hook_pace_score",
    "hook_tone_score",
    "hook_type_encoded",
    "text_word_count",
    "text_sentence_count",
    "text_question_mark_count",
    "text_exclamation_count",
    "text_transcript_length",
    "text_avg_sentence_length",
    "text_unique_word_ratio",
    "text_avg_word_length",
    "text_syllable_count",
    "text_flesch_reading_ease",
    "text_has_cta",
    "text_positive_word_count",
    "text_negative_word_count",
    "text_emoji_count",
    "meta_duration_seconds",
    "meta_words_per_second",
    "hook_motion_ratio",
    "audio_energy_buildup",
    "scene_rate_first_half_vs_second",
    "visual_variety_score",
    "hook_audio_intensity",
    "hook_face_present",
    "hook_text_overlay",
    "hook_emotion_intensity"
  ]
}